Patch,Severity,File(s),Change,Status,Verified
PATCH-1,BLOCKER,".gitignore (backend+frontend+root), jwt-token.txt, test-login.json, test-register.json, reset-sync.ts, whatsapp_saas.sql","Fix .gitignore: uncomment .env exclusion + add sensitive file patterns. Remove 6 sensitive files from git tracking via git rm --cached. Add root .gitignore for monorepo.",DONE,tsc 0 errors
PATCH-2,BLOCKER,backend/src/index.ts,"Replace cosmetic-only auth check on /uploads/* (only checked header existence) with real authenticateJwtOrApiKey middleware that verifies JWT signature or validates API key",DONE,tsc 0 errors
PATCH-3,BLOCKER,backend/src/modules/auth/auth.routes.ts,"Add per-route rate limits: login 5/min, register 3/min, forgot-password 3/5min, reset-password 3/5min. Uses @fastify/rate-limit config field (already registered globally)",DONE,tsc 0 errors
PATCH-4,BLOCKER,backend/src/index.ts,"1) Gate Swagger UI behind NODE_ENV !== production (completely disabled in prod). 2) Fix CORS: origin callback validates against comma-separated allowlist instead of single string pass-through",DONE,tsc 0 errors
PATCH-5,BLOCKER,backend/src/modules/auth/auth.service.ts,"Refresh tokens now signed+verified with separate config.jwt.refreshSecret (via jsonwebtoken package) instead of same secret as access tokens. Compromised access token secret no longer leaks refresh tokens.",DONE,tsc 0 errors
PATCH-6,WARNING,"backend/src/utils/crypto.ts, backend/src/modules/auth/auth.schema.ts","1) bcrypt rounds 10→12 (OWASP). 2) Password complexity: min 8 chars + 1 uppercase + 1 lowercase + 1 digit. Applied to register, resetPassword, changePassword schemas.",DONE,tsc 0 errors
PATCH-7,WARNING,"backend/src/index.ts, backend/src/config/redis.ts, backend/src/modules/whatsapp/baileys.service.ts, backend/src/types/index.ts, backend/src/workers/index.ts, backend/src/workers/webhook.worker.ts","Migrated 76 console.log + 17 console.error/warn → structured Pino logger (logger.info/debug/warn/error). Only 2 console.warn remain in config/index.ts (boot-time, before logger init — acceptable).",DONE,tsc 0 errors
PATCH-8,CRITICAL,backend/src/workers/broadcast.worker.ts,"Recursive processBroadcast() → while(true) loop. Prevents stack overflow with 10k+ recipients. Added null-safety on delay: ?? 1000 / ?? 3000.",DONE,tsc 0 errors
PATCH-9,CRITICAL,"backend/src/config/redis-connection.ts (NEW), broadcast.worker.ts, webhook.worker.ts, daily-reset.worker.ts, webhooks.service.ts, broadcasts.service.ts","Created shared redis-connection.ts config. All 5 files now import from shared config instead of hardcoding Redis host/port/password.",DONE,tsc 0 errors
PATCH-10,CRITICAL,"backend/src/workers/webhook.worker.ts, backend/src/modules/webhooks/webhooks.service.ts","WebhookService(null as any) → WebhookService() (no arg). Constructor param made optional — fastify is never used in class body.",DONE,tsc 0 errors
PATCH-11,WARNING,backend/src/config/database.ts,"Removed dead multi-tenant Prisma $use middleware — organizationId is never set on params, 100% dead code giving false sense of isolation.",DONE,tsc 0 errors
PATCH-12,CRITICAL,backend/src/modules/auth/auth.service.ts,"Refresh tokens now hashed with SHA-256 before DB storage. register/login store hash, refreshToken compares hash.",DONE,tsc 0 errors
PATCH-13,CRITICAL,backend/src/modules/auth/auth.service.ts,"Reset tokens now hashed with SHA-256. forgotPassword stores hash, resetPassword queries by hash.",DONE,tsc 0 errors
PATCH-14,WARNING,backend/src/modules/whatsapp/baileys.service.ts,"manuallyDisconnecting cleanup: socket.logout() in try/finally, socket.end() in try/finally. Set always cleaned on error/success.",DONE,tsc 0 errors
PATCH-15,WARNING,"whatsapp.routes.ts, baileys.service.ts, external-api.routes.ts","Fire-and-forget .catch(() => {}) → proper error logging with request.log.warn / logger.debug.",DONE,tsc 0 errors
PATCH-16,CRITICAL,backend/src/modules/uploads/uploads.routes.ts,"Upload size validation: toBuffer() before size check ensures full stream consumed. Prevents oversized file bypass.",DONE,tsc 0 errors
PATCH-17,WARNING,backend/src/index.ts,"Shutdown signal handlers wrapped in try/catch. If shutdownWorkers() throws, fastify.close() still runs.",DONE,tsc 0 errors
PATCH-18,WARNING,"auth.schema.ts, whatsapp.service.ts, webhooks.routes.ts.bak","Removed dead code: verifyEmailSchema (unused), resetDailyMessageCounts (duplicate of worker), .bak file.",DONE,tsc 0 errors
PATCH-19,INFO,N/A,"SKIPPED: Double validation (JSON Schema + Zod) kept intentionally — removing JSON Schema would break Swagger docs in dev mode.",SKIPPED,N/A
PATCH-20,CRITICAL,"contacts/broadcasts/templates/tags/team/subscription-plans/invoices/payments .service.ts + .routes.ts (16 files)","Unified error handling: 8 modules' local handleError() + errorCodeMap removed. Services throw AppError with proper statusCode/code. Errors flow to global errorHandler. Fixed 7 bugs where errors fell to 500. Fixed ZodError interception (was 500, now proper 400).",DONE,tsc 0 errors
PATCH-21,WARNING,"frontend/src/middleware.ts (NEW), frontend/src/app/login/page.tsx","Server-side route protection via Next.js middleware. /dashboard/** requires accessToken cookie. /login + /register redirect to /dashboard if authenticated. Login respects ?redirect= param.",DONE,N/A
PATCH-22,WARNING,"frontend/src/hooks/use-queries.ts, frontend/src/app/dashboard/docs/page.tsx","Fixed stale cache: queryKeys.instances and webhookLogs now include params. Fixed docs page using wrong env var (NEXT_PUBLIC_API_BASE_URL → import from constants).",DONE,N/A
PATCH-23,WARNING,"frontend/src/app/error.tsx (NEW), frontend/src/app/dashboard/error.tsx (NEW)","Added React error boundaries at root and dashboard level. Shows user-friendly error UI with retry button.",DONE,N/A
PATCH-24,WARNING,frontend/src/components/ui/file-upload.tsx,"Fixed URL.revokeObjectURL memory leak: empty deps [] captured initial empty files. Now uses filesRef to track current files for unmount cleanup.",DONE,N/A
PATCH-25,WARNING,"frontend/src/app/login/page.tsx, frontend/src/components/layout/header.tsx","Removed dead UI: Remember Me checkbox (state never consumed), Search bar (no handler/state), Notification bell (no handler/no system, static fake red dot).",DONE,N/A
PATCH-26,INFO,".gitignore, cararunredis.txt, pashe.txt, saran dari temen saya.txt","Deleted 3 junk files (cararunredis.txt contained exposed API keys!). Added saran file + *.bak pattern to .gitignore.",DONE,N/A
PATCH-27,CRITICAL,frontend/src/hooks/use-queries.ts,"QR timing fix: useInstanceQr staleTime: 0, gcTime: 0, retry: 1. Backend QR expiry 30s→120s. Frontend poll 30s→5s.",DONE,tsc 0 errors
PATCH-28,CRITICAL,"frontend/src/hooks/use-queries.ts, frontend/src/app/dashboard/whatsapp/instances/[id]/page.tsx","useInstanceQr enabled: !!id → enabled: !!id && status === 'QR_READY'. Prevents premature 400 error that poisons React Query cache.",DONE,tsc 0 errors
PATCH-29,WARNING,"backend/src/types/index.ts, backend/.env","Error handler: recognize @fastify/rate-limit 429 errors instead of falling to 500. Rate limit config: 100/15m → 1000/1m (frontend polls 30 req/min).",DONE,tsc 0 errors
PATCH-30,WARNING,backend/src/modules/whatsapp/baileys.service.ts,"initializeActiveInstances: added QR_READY to startup query. Prevents dead state where instance stuck in QR_READY with no QR in memory after server restart.",DONE,tsc 0 errors
PATCH-31,CRITICAL,backend/src/modules/whatsapp/whatsapp.routes.ts,"Safety net fix: sync-status endpoint no longer immediately kills SYNCING state on momentary disconnect. Added 5-minute staleness threshold (checks last_batch_at/started_at). Only auto-corrects to STOPPED if genuinely stale (>5 min + disconnected). Prevents premature sync corruption.",DONE,tsc 0 errors
PATCH-32,WARNING,backend/src/modules/whatsapp/baileys.service.ts,"Fix progress.percentage never calculated during sync. Now computed as Math.min(95, batches_received * 2.5) on each batch (matching frontend heuristic). Only completion sets 100%.",DONE,tsc 0 errors
PATCH-33,CRITICAL,backend/src/modules/whatsapp/baileys.service.ts,"Reconnect recovery: connection='open' handler now detects auto-stopped syncs (stopped_reason='stale_auto_corrected') and resets to SYNCING. Removes stopped_at/stopped_reason, adds recovered_at. Allows sync to resume after temporary disconnect.",DONE,tsc 0 errors
PATCH-34,CRITICAL,"whatsapp.routes.ts, external-api.routes.ts, baileys.service.ts","Fix { set: null } on Json? field → Prisma.DbNull. Old code stored literal JSON {""set"":null} instead of SQL NULL, causing: (1) clear sync data button appears to work but progress field is never truly null, (2) needs_repair detection fails (requires progress === null), (3) UI shows inconsistent state. Fixed 3 occurrences + removed band-aid 'delete progress.set' workaround.",DONE,tsc 0 errors
PATCH-35,CRITICAL,"whatsapp.routes.ts, baileys.service.ts","Fix sync stuck at SYNCING forever. Two fixes: (1) sync-status endpoint: if SYNCING + CONNECTED + no batch for >2min, auto-complete (lost completion timer from restart). (2) Startup stale cleanup: replaced updateMany(→PARTIAL) with per-instance finalization: sets percentage=100, completed_at, last_history_sync_at, and COMPLETED vs PARTIAL based on batch_errors. Threshold 10min→2min.",DONE,tsc 0 errors
PATCH-36,CRITICAL,backend/src/modules/whatsapp/baileys.service.ts,"Reconnect resilience: (1) badSession disconnect now schedules reconnect (was: mark ERROR + give up forever). (2) All reconnects use exponential backoff 5s→10s→20s→40s→60s with max 10 attempts (was: single attempt, no retry). (3) Startup initializeActiveInstances includes ERROR status in query (was: ignored). (4) Health check zombie detection force-closes socket after 120s of no frames and triggers reconnect (was: warn only).",DONE,tsc 0 errors
PATCH-37,CRITICAL,"whatsapp.service.ts, baileys.service.ts","Fix P2002 unique constraint race condition on message upsert. Prisma upsert does SELECT→INSERT which races when sendText and Baileys messages.upsert event fire concurrently for the same outgoing message. Added safeMessageUpsert() helper that catches P2002 and retries as update. Applied to all 4 upsert call sites (3 in whatsapp.service.ts: sendText, sendMedia, sendLocation; 1 in baileys.service.ts: handleRealtimeMessage).",DONE,tsc 0 errors
PATCH-38,MEDIUM,"schema.prisma, baileys.service.ts, instances/page.tsx, instances/[id]/page.tsx","Auto-detect WA account name. socket.user.name was available from Baileys at runtime but NOT persisted to DB. Added wa_display_name column to WhatsAppInstance schema, saved in connection=open handler, displayed in frontend instance cards and detail page.",DONE,tsc 0 errors
PATCH-39,CRITICAL,backend/src/modules/whatsapp/baileys.service.ts,"Fix wa_display_name always null + phone_number :device suffix. Two bugs: (1) socket.user.name = saved contact name (always undefined for self). Correct field = socket.user.notify (profile name set by owner). Changed to notify → verifiedName → name fallback chain. (2) extractPhoneFromJid did not strip :device suffix from socket.user.id (e.g. 6282119499306:54 → 6282119499306). Result: wa_display_name now 'Adi Syahadi', phone_number now clean.",DONE,tsc 0 errors
PATCH-40,MEDIUM,"whatsapp.service.ts, external-api.routes.ts, index.ts, baileys.service.ts","Expose wa_display_name in all API responses + webhook. Added wa_display_name to: getInstances select, getInstance select, external API list select, connection event emit, webhook connection payload. Without this, the field existed in DB but was never returned to consumers.",DONE,tsc 0 errors
PATCH-41,CRITICAL,frontend/src/lib/utils.ts,"Fix getInitials crash: contact.name=null AND contact.phone_number=null (LID-only contacts) → getInitials(null) → Cannot read properties of null (reading 'split'). Added null guard returning '?' fallback. Also added .filter(Boolean) to handle empty-string words.",DONE,tsc 0 errors
PATCH-42,MEDIUM,"frontend/src/hooks/use-queries.ts, frontend/src/app/dashboard/whatsapp/instances/[id]/page.tsx","Fix QR endpoint 400 errors. Root cause: useEffect called refetchQR() which bypasses React Query's enabled guard. When stale cached status=QR_READY triggers the effect but backend has status=DISCONNECTED → 400. Fix: replaced manual useEffect+refetchQR polling with refetchInterval in useInstanceQr hook (respects enabled flag). Removed the QR auto-refresh useEffect entirely.",DONE,tsc 0 errors
PATCH-43,CRITICAL,backend/src/modules/whatsapp/baileys.service.ts,"Fix LIDPhone mapping capture: code listened for non-existent Baileys event 'lid-mapping.update'  replaced with real 'chats.phoneNumberShare' event. Also extract LIDPhone cross-references from 'contacts.upsert' Contact objects (lid/jid/id fields). Added source parameter to handleLidMappingUpdate. Added ev.process() backup handlers for both events. Without this fix, lid_phone_mappings table stayed empty (0 rows) and all @lid private chat webhooks had phone_number=null.",DONE,tsc 0 errors
PATCH-44,CRITICAL,backend/src/modules/whatsapp/baileys.service.ts,"Resolve LIDPhone in webhook payload. In handleRealtimeMessage(), when chatJid ends with @lid, lookup lid_phone_mappings table to resolve phone_number before emitting webhook. Without this, CRM receives phone_number=null for all @lid private chats (87.5% of contacts) and cannot identify customers. Uses existing prisma.lidPhoneMapping.findUnique() with the instance_id_lid_jid composite key. Falls back gracefully with debug log if no mapping exists yet.",DONE,tsc 0 errors
PATCH-45,CRITICAL,backend/src/modules/whatsapp/baileys.service.ts,"Active LID-Phone resolution via onWhatsApp. PATCH-044 only checked DB cache which was empty. Now when no DB mapping exists for an @lid chat, actively queries WhatsApp via sock.onWhatsApp(lid) to resolve the phone JID. Result is cached in lid_phone_mappings for future fast lookups and backfills contact phone_number. This ensures CRM gets phone_number even on first message from a new @lid contact. Fallback chain: DB cache -> onWhatsApp query -> null.",DONE,tsc 0 errors
PATCH-46,MEDIUM,backend/src/modules/whatsapp/baileys.service.ts,"Add contact_name to webhook payload. Webhook message events were missing sender name making CRM unable to display contact names. Fix: extract msg.pushName (WA profile name) from real-time messages and include as contact_name field in webhook payload. Fallback chain: pushName -> Contact.push_name -> Contact.name -> null. Also updates Contact.push_name from incoming messages to keep names fresh.",DONE,tsc 0 errors
PATCH-47,CRITICAL,backend/src/modules/whatsapp/baileys.service.ts,"Download & save incoming media files. Added downloadAndSaveMedia() function that uses Baileys downloadMediaMessage() to download media from incoming IMAGE/VIDEO/AUDIO/DOCUMENT/STICKER messages, then saves to disk via existing saveFile() storage service. Media URL and mimetype stored in DB Message.media_url and Message.media_type columns (already existed in schema but were never populated). Non-critical: download failure does not block message processing. Reuses existing storage.service saveFile() and ensureUploadsDir(). Only downloads for incoming messages (fromMe=false).",DONE,tsc 0 errors
PATCH-48,MEDIUM,backend/src/modules/whatsapp/baileys.service.ts,"Include media_url in webhook payload. When incoming media is downloaded (PATCH-047), the URL is now included in the webhook message event as media_url field. CRM can use this URL to display/download the media file. Uses savedMediaUrl from PATCH-047. Field is undefined (omitted from JSON) for non-media messages to maintain backward compatibility.",DONE,tsc 0 errors
PATCH-49,MEDIUM,frontend/src/app/dashboard/whatsapp/messages/page.tsx,"Frontend media display in messages table. Replaced static [Media] placeholder with actual media rendering: IMAGE/STICKER shows thumbnail with click-to-open, VIDEO shows icon+link, AUDIO shows mini player, DOCUMENT shows download link with icon. Falls back to icon+type label when media_url is not yet available. Text messages unchanged. No UX disruption - same table layout with richer content column.",DONE,tsc 0 errors (frontend+backend)
PATCH-50,CRITICAL,backend/src/modules/whatsapp/baileys.service.ts,"Fix 2 bugs in PATCH-047 downloadAndSaveMedia: (1) reuploadRequest always undefined because activeSockets.get(msg.key.remoteJid ? """" : """") always resolved to empty string key. Fixed by adding instanceId parameter and using activeSockets.get(instanceId) for correct socket lookup. Without this fix media re-upload from WA servers would always fail. (2) Removed unused import config from ../../config that was accidentally added in PATCH-047 but never referenced (all config.xxx in file are local variables).",DONE,tsc 0 errors + runtime verified
PATCH-51,MEDIUM,backend/src/modules/whatsapp/baileys.service.ts,"Fix sticker detection in ephemeral and viewOnce message wrappers. extractMessageContent() had two wrapper handlers (ephemeralMessage and viewOnceMessage) that did not handle stickerMessage. Stickers in disappearing chats fell to [Disappearing Message] type TEXT and stickers in viewOnce fell to [View Once Message] type TEXT. Now both correctly detect stickerMessage and set type=STICKER. This enables download+save+webhook+frontend render for wrapped stickers.",DONE,tsc 0 errors
PATCH-052,media-url-public-access,"Add public /media/* endpoint (no auth) + change downloadAndSaveMedia URL from /uploads/ to /media/. CRM webhook consumers can now access media_url without 401. UUID v4 filenames = unguessable capability URL.",COMPLETED
PATCH-053,fix-sendFile-not-a-function,"Root cause: decorateReply:false in @fastify/static registration removed reply.sendFile() from all routes. Fix: remove decorateReply:false (default=true). Both /uploads/* and /media/* now serve files correctly.",COMPLETED
PATCH-054,fix-reconnect-counter-not-reset,"Root cause: initializeConnection() cleared reconnectTimers but NOT reconnectAttempts. After a loggedOut(401) cycle consumed 10 attempts, manual Connect gets only 1 attempt then hits MAX. Fix: add reconnectAttempts.delete(instanceId) at start of initializeConnection().",COMPLETED
PATCH-055,fix-cors-crm-integration,"Add localhost:3002 (CRM-DADI frontend) to CORS_ORIGIN in .env so CRM can communicate with WAAPI backend.",COMPLETED
PATCH-056,fix-media-send-ssrf-and-auth,"Root cause: sendMediaMessage passed self-hosted upload URL (http://localhost:3001/uploads/...) to Baileys which (a) was blocked by SSRF validator (localhost in BLOCKED_HOSTNAMES) and (b) required JWT auth that Baileys doesn't have. Fix: add resolveMediaSource() that detects self-hosted URLs and resolves to local file path. Baileys reads file from disk directly. Remote URLs still get SSRF validation.",COMPLETED,tsc 0 errors + container verified
PATCH-057,fix-multipart-filesize-limit,"Root cause: @fastify/multipart limit was 10MB but video allows 64MB and document 100MB. Files >10MB threw RequestFileTooLargeError which error handler didn't recognize → generic 500. Fix: increase limit to 100MB to match storage.service.ts MAX_SIZES. Add RequestFileTooLargeError/413 handler in errorHandler returning proper 413 with FILE_TOO_LARGE code.",COMPLETED,tsc 0 errors + container verified
PATCH-058,fix-upload-type-field-source,"Root cause: frontend sends 'type' as multipart form field (formData.append) but backend reads from query param (request.query.type) → always undefined → type validation skipped. Fix: read type from data.fields.type (multipart field) with query param fallback.",COMPLETED,tsc 0 errors + container verified
PATCH-059,api-key-media-upload,"New endpoint POST /api/v1/media/upload — allows CRM/n8n/Zapier to upload media via API Key (permission: message:send). Accepts multipart/form-data with file + type field. Returns public URL (/media/ prefix), media_type, mime_type, file_size, original_name. Uses existing validateFile + saveFile from storage.service.",COMPLETED,tsc 0 errors + container verified
PATCH-060,webhook-mime-type,"Add mime_type field to webhook payload for incoming media messages. Extracted from downloadAndSaveMedia return (mimetype from Baileys media message). Added to MessageWebhookPayload.data interface in webhooks.schema.ts.",COMPLETED,tsc 0 errors + container verified
PATCH-061,webhook-file-size,"Add file_size field (bytes) to webhook payload for incoming media messages. Extracted from buffer length in downloadAndSaveMedia. Added fileSize to return type, savedFileSize variable in handleRealtimeMessage, and file_size to webhook emit. Updated MessageWebhookPayload interface.",COMPLETED,tsc 0 errors + container verified
PATCH-062,webhook-filename,"Add file_name field to webhook payload for incoming media messages. Extracted from mediaMsg.fileName (only exists for document messages — sender's original filename). Extended downloadAndSaveMedia return type with fileName, added savedFileName capture in handleRealtimeMessage, added file_name to webhook emit. Updated MessageWebhookPayload interface.",COMPLETED,tsc 0 errors + container verified
PATCH-063,fix-outgoing-media-url-null,"Root cause: handleRealtimeMessage had guard '!fromMe' on downloadAndSaveMedia — all outgoing media skipped download → media_url always null for messages sent from phone (not via API). Fix: remove !fromMe guard so downloadAndSaveMedia runs for ALL media messages (incoming & outgoing). In upsert update branch for fromMe, set media_url with locally-saved /media/ URL (overrides original URL with better public path). Stickers, images, videos, audio, documents sent from phone now have valid media_url.",COMPLETED,tsc 0 errors + container verified
PATCH-064,fix-outgoing-contact-name-uses-sender,"Root cause: webhook contact_name for outgoing messages used msg.pushName which is the SENDER's (account owner) WA profile name, NOT the recipient's name. When Adi sends first msg to friend, webhook has contact_name='Adi Syahadi' for friend's number. CRM auto-saves contact with wrong name. Fix: split contactName resolution — for outgoing (fromMe): look up recipient's name from Contact DB via chatJid. For incoming (!fromMe): keep using msg.pushName (sender = the contact). push_name DB update already safe (guarded by !fromMe).",COMPLETED,tsc 0 errors + container verified
PATCH-065,fix-auto-reply-missing-message-sent-webhook,"Root cause: handleAutoReply() in webhook.worker.ts sends auto-reply via socket.sendMessage() but does NOT emit baileysEvents message event. All other send functions (sendText, sendMedia, sendLocation) emit baileysEvents.emit('message', {type:'outgoing'}) which triggers message.sent webhook delivery to n8n/CRM. Auto-reply was invisible: no webhook, no wa_message_id, no sent_at. Fix: (1) capture sentMsg.key.id as waMessageId, (2) upsert with wa_message_id to prevent duplicate DB records, (3) emit baileysEvents.emit('message', {type:'outgoing'}) to fire message.sent webhook, (4) add source REALTIME + sent_at. Impact: n8n now receives message.sent webhook for auto-replies and can forward to CRM.",COMPLETED,tsc 0 errors
PATCH-066,add-delete-revoke-message-endpoint,"New feature: POST /api/v1/messages/delete endpoint for deleting/revoking WhatsApp messages. Supports delete_for='everyone' (revoke for all via socket.sendMessage with WAMessageKey delete) and delete_for='me' (local delete via socket.chatModify deleteForMe). Three-layer implementation: (1) deleteMessageForInstance() in baileys.service.ts — low-level Baileys interaction, (2) deleteMessage() in whatsapp.service.ts — service layer with verifyInstanceForMessaging + DB status update to DELETED + webhook emission, (3) POST /messages/delete route in external-api.routes.ts with JSON schema validation. Also added DELETED to MessageStatus Prisma enum with DB migration. Params: instance_id, message_id (wa_message_id), chat_jid (required); from_me, participant, delete_for (optional). Permission: message:send.",COMPLETED,tsc 0 errors + container rebuilt + deployed
PATCH-067,add-edit-message-endpoint,"New feature: POST /api/v1/messages/edit endpoint for editing WhatsApp messages (text body or media caption). Uses Baileys edit mechanism: socket.sendMessage(jid, { text: newText, edit: WAMessageKey }). Three-layer implementation: (1) editMessageForInstance() in baileys.service.ts — low-level Baileys interaction with fromMe:true enforced, (2) editMessage() in whatsapp.service.ts — service layer with verifyInstanceForMessaging + DB content update + edited_at timestamp + webhook emission (type:'edit'), (3) POST /messages/edit route in external-api.routes.ts with JSON schema validation (maxLength:4096, empty check). Also added edited_at DateTime? column to Message model via Prisma migration. Params: instance_id, message_id, chat_jid, new_text (all required). Permission: message:send. WhatsApp enforces ~15 min time limit server-side.",COMPLETED,tsc 0 errors + container rebuilt + deployed
PATCH-068,fix-path-traversal-session-service,"Security fix: Prevent path traversal in session.service.ts. (1) Added validateInstanceId() — rejects any instanceId not matching UUID v4 regex, applied in getSessionPath(). (2) Added sanitizeFileName() — strips path separators and '..' from file names in restoreSession(). (3) Added assertPathWithinBase() — final safety net ensures resolved paths never escape storage/sessions/ directory. Three layers of defense: input validation + sanitization + output validation.",COMPLETED,tsc 0 errors
PATCH-069,add-missing-permission-checks,"Security fix: Added requireApiKeyPermission() to 8 unprotected endpoints in external-api.routes.ts. GET /instances + GET /instances/:id/status → instance:read. GET /instances/:id/auto-reply → instance:read. PATCH /instances/:id/auto-reply → instance:write. GET sync-history/status → instance:read. PATCH sync-history/settings + POST re-pair + POST control → instance:write. Also replaced redundant authenticateApiKey preHandlers (global hook already runs it).",COMPLETED,tsc 0 errors
PATCH-070,rate-limiter-fail-closed,"Security fix: Changed rate limiter behavior from fail-open to fail-closed when Redis is unavailable. In api-rate-limiter.ts checkRateLimit() catch block: changed allowed:true to allowed:false, remaining:limit-1 to remaining:0, log level from warn to error. Prevents unlimited API access during Redis outages.",COMPLETED,tsc 0 errors
PATCH-071,fix-disconnect-race-condition,"Race condition fix: In disconnectInstance() baileys.service.ts, removed the finally{} block that prematurely cleared manuallyDisconnecting flag before the async close event could consume it. Now the close event handler (line 1080) is the only consumer of the flag. Added 10-second safety-net setTimeout to clear the flag if close event never fires, preventing permanent flag leak. Prevents ghost reconnections and status flickering.",COMPLETED,tsc 0 errors
PATCH-072,guard-concurrent-initializeConnection,"Race condition fix: Added connectingInstances Set guard in baileys.service.ts. At the top of initializeConnection(), checks if instanceId is already being connected — returns early with error if so. Added to set before socket creation, removed in finally{} block. Prevents duplicate socket creation when concurrent calls (e.g. startup timeouts overlapping) both pass the existingSocket?.user check. Eliminates orphaned sockets and listener leaks.",COMPLETED,tsc 0 errors
PATCH-073,instance-limit-transaction,"TOCTOU fix: Wrapped createInstance() count-check + create in prisma.$transaction() in whatsapp.service.ts. Both the organization count query and the whatsAppInstance.create now execute inside an interactive transaction, preventing concurrent requests from both passing the limit check before either inserts. Eliminates subscription limit bypass via parallel API calls.",COMPLETED,tsc 0 errors
PATCH-074,auto-reply-loop-detection,"Loop prevention: Added per-sender cooldown (30s) in webhook.worker.ts to break infinite ping-pong between two auto-reply-enabled instances. Uses in-memory Map keyed by instanceId:senderJid with periodic cleanup. Also added self-JID guard to skip auto-replying to own number. Memory-safe with 10K entry cap and 60s periodic sweep. Completely eliminates B1 finding.",COMPLETED,tsc 0 errors
PATCH-075,warming-phase-tenant-isolation,"Tenant isolation: Added organizationId parameter to updateWarmingPhase() in whatsapp.service.ts. Changed findUnique({id}) to findFirst({id, organization_id, deleted_at:null}) to enforce tenant boundary. Prevents cross-organization warming phase manipulation via bare instanceId. Eliminates B2 finding.",COMPLETED,tsc 0 errors
PATCH-076,emit-spread-args,"H1 fix: Changed monkey-patched socket.ev.emit from (event:any,data:any) to (...args:any[]) with destructuring. Return now uses originalEmit(...args) spread. Preserves all Baileys emit arguments if signature changes.",COMPLETED,tsc 0 errors
PATCH-077,baileysEvents-safety,"H2 fix: Added setMaxListeners(50) and error event handler to baileysEvents EventEmitter. Prevents MaxListenersExceededWarning and process crash if error event emitted without handler.",COMPLETED,tsc 0 errors
PATCH-078,health-score-floor,"H3 fix: Replaced 3x prisma.whatsAppInstance.update({decrement:5}) with raw SQL GREATEST(health_score-5,0) in baileys.service.ts. Clamps health_score floor at 0.",COMPLETED,tsc 0 errors
PATCH-079,onWhatsApp-timeout,"H4 fix: Wrapped socket.onWhatsApp() call in Promise.race with 5s timeout in handleRealtimeMessage LID resolution path. Prevents blocking event loop on slow WhatsApp server responses.",COMPLETED,tsc 0 errors
PATCH-080,country-code-config,"H5 fix: Extracted hardcoded '62' to DEFAULT_COUNTRY_CODE constant in config/constants.ts (env: DEFAULT_COUNTRY_CODE). Updated 4 files: helpers.ts, baileys.service.ts, contacts.schema.ts, broadcasts.schema.ts.",COMPLETED,tsc 0 errors
PATCH-081,safeMessageUpsert-rethrow,"H6 fix: Changed safeMessageUpsert in both whatsapp.service.ts and baileys.service.ts to re-throw on update failure instead of silently dropping the message. Elevated log from warn to error.",COMPLETED,tsc 0 errors
PATCH-082,deleteInstance-atomic,"H7 fix: Rewrote deleteInstance() to use updateMany (verify ownership + soft-delete atomically) first, then perform side effects (disconnect + session delete) with try/catch. Side effects are non-critical and idempotent.",COMPLETED,tsc 0 errors
PATCH-083,post-send-db-error-handling,"H8 fix: Wrapped post-send DB writes (daily_message_count increment) in try/catch for sendTextMessage, sendMediaMessage, sendLocationMessage. Message already sent on WhatsApp is irreversible — DB failure should not report success:false to caller.",COMPLETED,tsc 0 errors
PATCH-084,pagination-limit-cap,"H9 fix: Added Math.min(limit,100) cap in getMessages() and getAllMessages() in whatsapp.service.ts. Prevents clients from requesting limit=999999.",COMPLETED,tsc 0 errors
PATCH-085,cascading-delete-transaction,"H10 fix: Wrapped webhook log delete + webhook delete + message delete in prisma.$transaction([]) in external-api.routes.ts data cleanup endpoint. Ensures atomicity of cascading deletes.",COMPLETED,tsc 0 errors
PATCH-086,history-sync-url-prefix,"H11 fix: Removed /api prefix from 3 history sync route URLs in external-api.routes.ts (status,settings,re-pair). Routes were double-prefixed: /api/v1/api/instances/... Now correctly /api/v1/instances/...",COMPLETED,tsc 0 errors
PATCH-088,non-null-assertions,"H13 fix: Replaced 6 non-null assertions (!) in api-key-auth.ts with explicit null check + AppError throw. Prevents downstream crashes if validateApiKey returns incomplete data.",COMPLETED,tsc 0 errors
PATCH-089,prisma-disconnect-shutdown,"H14 fix: Added await prisma.$disconnect() to graceful shutdown handler in index.ts before process.exit(0). Fixes dangling DB connections since beforeExit does not fire with explicit process.exit().",COMPLETED,tsc 0 errors
PATCH-090,media-endpoint-hardening,"H15 fix: Added rate limiting (60 req/min) and security headers (Cache-Control:private,no-store + X-Content-Type-Options:nosniff) to /media/* endpoint in index.ts. Mitigates enumeration attacks without breaking existing CRM capability URL pattern.",COMPLETED,tsc 0 errors
PATCH-091,rate-limiter-lua-atomic,"H16 fix: Replaced pipeline-based sliding window with atomic Lua script in api-rate-limiter.ts. Script removes expired entries, checks count, adds new entry only if under limit — all in one atomic Redis operation. Fixes off-by-one (count<=limit was allowing limit+1) and race condition between concurrent requests.",COMPLETED,tsc 0 errors
PATCH-087,async-file-io,"H12 fix: Converted hot-path file I/O in session.service.ts from sync to async. readJsonFile now uses fsp.readFile, writeJsonFile uses fsp.mkdir+fsp.writeFile, writeKey uses fsp.unlink. Baileys auth state keys.get/keys.set now properly await async operations. Eliminates event loop blocking during message processing.",COMPLETED,tsc 0 errors
PATCH-092,reconnect-cleanup,"M5 fix: Added reconnectAttempts.delete() and reconnectTimers.delete() in disconnectInstance() of baileys.service.ts. Prevents stale reconnect state from leaking across disconnect/reconnect cycles.",COMPLETED,tsc 0 errors
PATCH-093,safe-upsert-dedup,"M7 fix: Extracted duplicate safeMessageUpsert into shared backend/src/utils/safe-upsert.ts. Updated baileys.service.ts and whatsapp.service.ts to import from shared util. Single source of truth.",COMPLETED,tsc 0 errors
PATCH-094,broadcast-phone-regex,"M20 fix: Added .regex(/^\+?[0-9]+$/) validation to phone_numbers and phone_number fields in broadcasts.schema.ts. Rejects non-numeric input at API boundary.",COMPLETED,tsc 0 errors
PATCH-095,qr-store-cleanup,"M18 fix: Added setInterval cleanup in baileys.service.ts that sweeps expired qrCodeStore entries every 5 minutes. Uses .unref() to not block process shutdown.",COMPLETED,tsc 0 errors
PATCH-096,sync-config-ttl,"M4 fix: Added 5-minute TTL to syncConfigCache in baileys.service.ts. Entries now store cachedAt timestamp and auto-expire. Prevents stale sync config from persisting indefinitely.",COMPLETED,tsc 0 errors
PATCH-097,webhook-magic-numbers,"M6 fix: Extracted 6 hardcoded values from webhooks.service.ts to WEBHOOK_CONFIG in constants.ts: TIMEOUT_MS, RESPONSE_TRUNCATE_LENGTH, BACKOFF_BASE_MS, REMOVE_ON_COMPLETE_COUNT, REMOVE_ON_COMPLETE_AGE_S, REMOVE_ON_FAIL_COUNT.",COMPLETED,tsc 0 errors
PATCH-098,n-plus-1-conversations,"M1 fix: Replaced N+1 lastMessage/unreadCount queries in external-api.routes.ts conversation list with batch groupBy for unread counts and raw SQL ROW_NUMBER() for last messages. Reduces DB queries from 2N+1 to 3.",COMPLETED,tsc 0 errors
PATCH-099,health-check-enhance,"M22 fix: Enhanced /health endpoint in index.ts with DB ping (SELECT 1) and Redis ping. Returns degraded status if either service is down. Added getRedisForHealthCheck export to api-rate-limiter.ts.",COMPLETED,tsc 0 errors
PATCH-100,request-id-tracing,"M16 fix: Added genReqId + requestIdHeader to Fastify config in index.ts. Generates UUID if no X-Request-Id header present. Echoes request ID back in response via onRequest hook. Enables log correlation.",COMPLETED,tsc 0 errors
PATCH-101,webhook-backoff-jitter,"M17 fix: Added ±25% jitter to webhook retry delay calculation in webhooks.service.ts. Prevents thundering herd when multiple webhooks fail simultaneously.",COMPLETED,tsc 0 errors
PATCH-102,disk-full-handling,"M19 fix: writeJsonFile in session.service.ts now uses atomic write-to-tmp-then-rename pattern. Detects ENOSPC/EDQUOT disk-full errors and re-throws them (logged as fatal) instead of silently swallowing.",COMPLETED,tsc 0 errors
PATCH-103,template-var-validation,"M21 fix: Restricted broadcast variable schema from z.any() to z.union([z.string(), z.number()]). replaceVariables now logs warning with missing placeholder keys for debug.",COMPLETED,tsc 0 errors
PATCH-104,session-error-consistency,"M8 fix: Replaced 3 plain Error throws in session.service.ts security validators with AppError (400/403 status codes + error codes). Imported AppError from types.",COMPLETED,tsc 0 errors
PATCH-105,unused-imports-cleanup,"M11 fix: Removed 4 unused imports: Boom and proto from session.service.ts, getAggregateVotesInPollMessage and WarmingPhase from baileys.service.ts.",COMPLETED,tsc 0 errors
PATCH-106,deferred,"M14: initializeConnection ~600 lines — deferred to future refactor. Risk/benefit ratio too high for current hardening pass. Documented for next iteration.",DEFERRED,n/a
PATCH-107,console-warn-to-logger,"L2 fix: Replaced console.warn in broadcasts.schema.ts replaceVariables with structured logger.warn.",COMPLETED,tsc 0 errors
PATCH-108,warming-phase-consolidation,"L11 fix: Moved WARMING_PHASE_LIMITS + WarmingPhaseType to constants.ts as single source of truth. Updated whatsapp.schema.ts (re-export) and daily-reset.worker.ts (import).",COMPLETED,tsc 0 errors
PATCH-109,baileys-magic-numbers,"L15 fix: Extracted 7 magic numbers from baileys.service.ts to BAILEYS_CONFIG constants (CONNECT_TIMEOUT_MS, ZOMBIE thresholds, QR_EXPIRY_MS, etc.).",COMPLETED,tsc 0 errors
PATCH-110,email-todo-warning,"L3 fix: Added logger.warn for unimplemented email sending in auth.service.ts.",COMPLETED,tsc 0 errors
PATCH-111,authenticated-request-typing,"L4 fix: Replaced 4x (request as any).user with (request as AuthenticatedRequest).user in whatsapp.routes.ts.",COMPLETED,tsc 0 errors
PATCH-112,error-response-format,"L12+L13 fix: Standardized 24 plain string error responses to structured {code,message} format across external-api.routes.ts (13) and whatsapp.routes.ts (11).",COMPLETED,tsc 0 errors
PATCH-113,history-sync-typing,"L6 fix: Created HistorySyncProgress interface + parseProgress() helper in baileys.service.ts, eliminated 12 as-any casts for history sync progress events.",COMPLETED,tsc 0 errors
PATCH-114,phone-util-consolidation,"L9+L10 fix: Moved extractPhoneFromJid to utils/helpers.ts as canonical implementation. Re-exported from baileys.service.ts for backward compat. Marked formatToJid/parseJid as deprecated.",COMPLETED,tsc 0 errors
PATCH-115,auth-user-typing,"L5 fix: Replaced user:any params in auth.service.ts — generateTokens uses Pick<User,'id'|'role'|'email'>, sanitizeUser uses User type. Imported User from @prisma/client.",COMPLETED,tsc 0 errors
PATCH-116,timestamp-typing,"L8 fix: Replaced convertMessageTimestamp(ts:any) with proper union type number|{toNumber():number}|null|undefined in baileys.service.ts.",COMPLETED,tsc 0 errors
PATCH-117,zod-validation-messages,"L14 fix: Added custom validation messages to all user-facing Zod schemas missing them. 5 files: auth.schema.ts (updateProfile), whatsapp.schema.ts (sendLocation, sendContact), contacts.schema.ts (updateContact), api-keys.schema.ts (create/update), broadcasts.schema.ts (update, addRecipients).",COMPLETED,tsc 0 errors
PATCH-118,team-requireRole-global,"R-01 fix: Removed local requireRole in team.routes.ts, replaced with global requireRole from rbac.ts which has SUPER_ADMIN bypass. 8 usages updated to use UserRole enum. SUPER_ADMIN can now manage teams.",COMPLETED,tsc 0 errors
PATCH-119,dedupe-requireSuperAdmin,"R-02 fix: Removed 3 duplicate requireSuperAdmin definitions from subscription-plans.routes.ts, invoices.routes.ts, payments.routes.ts. Replaced 22 usages with [requireAuth, requireRole(UserRole.SUPER_ADMIN)] using global rbac middleware.",COMPLETED,tsc 0 errors
PATCH-120,sidebar-roles-fix,"R-03+R-04 fix: Updated sidebar.tsx Team roles from [ORG_OWNER] to [SUPER_ADMIN, ORG_OWNER, ORG_ADMIN]. Billing roles from [ORG_OWNER] to [SUPER_ADMIN, ORG_OWNER]. Matches backend RBAC.",COMPLETED,frontend change
PATCH-121,admin-nav-sidebar,"R-05 fix: Added Admin nav item to sidebar.tsx with roles [SUPER_ADMIN], children: Users + Organizations. Added Shield icon import.",COMPLETED,frontend change
PATCH-122,team-billing-route-guards,"R-06 fix: Created layout.tsx route guards for team (SUPER_ADMIN/ORG_OWNER/ORG_ADMIN) and billing (SUPER_ADMIN/ORG_OWNER). Uses same pattern as admin/layout.tsx. Prevents direct URL access by unauthorized roles.",COMPLETED,frontend change
PATCH-123,business-endpoint-rbac,"R-07+R-08 fix: Enforced RBAC on business endpoints. WhatsApp instance mgmt (10 WRITE routes) restricted to ORG_OWNER/ORG_ADMIN. Webhook WRITE (7 routes) and API-Key WRITE (4 routes) same. Contacts & Broadcasts unchanged (all roles). Total 21 routes secured.",COMPLETED,tsc 0 errors
PATCH-124,superadmin-sidebar-split,"Separated SUPER_ADMIN sidebar from tenant sidebar. SUPER_ADMIN sees admin-only menu: Dashboard, Organizations, Users, Instances, Plans, Invoices, Payments, Settings. Tenant users see normal menu without admin items.",COMPLETED,frontend change
PATCH-125,backend-admin-routes,"Created /api/admin module with 10 endpoints: stats, organizations CRUD, users list, instances list, invoices list, invoice verify/approve, system health, audit-logs placeholder. All SUPER_ADMIN-only via rbac middleware.",COMPLETED,tsc 0 errors
PATCH-127,admin-frontend-pages,"Created 4 new admin pages: invoices (with approve/reject modal), plans (CRUD with dialog), instances (list+filter), payments (config toggle+edit). Updated admin API client with plans+payments methods. Fixed dashboard quick link.",COMPLETED,frontend change
PATCH-130,superadmin-login-redirect,"SUPER_ADMIN login redirects to /dashboard/admin. Regular /dashboard page also redirects SUPER_ADMIN to admin dashboard. Login page reads role from store after login.",COMPLETED,frontend change
PATCH-131,fix-admin-plans-page,"Auto-generate slug from plan name on create. Fix plans array extraction (data.data.plans). Add QUARTERLY billing period option.",COMPLETED,frontend change
PATCH-132,fix-plan-schema-fields,"Add allow_history_sync and max_sync_messages to createPlanSchema/updatePlanSchema. Include in service createPlan/updatePlan.",COMPLETED,tsc 0 errors
PATCH-133,fix-admin-invoices-integration,"Redirect adminApi from /api/admin/invoices to /api/invoices/admin/all (proper transform+filters). verifyInvoice now calls /api/invoices/admin/:id/verify (activates subscription). Send payment_notes. Remove duplicate invoice handlers from admin.routes.ts.",COMPLETED,tsc 0 errors
PATCH-134,enhance-invoices-page,"Add invoice stats cards (total/revenue/pending/paid). Add Plan column in table. Fix pagination key (total_pages). Show plan in verify dialog. Invalidate stats on verify.",COMPLETED,frontend change
PATCH-135,fix-payment-data-extraction,"Fix admin payments page crash: backend returns {methods:[...]} but FE did data?.data||[] getting object not array. Changed to data?.data?.methods||[].",COMPLETED,frontend change
PATCH-136,add-midtrans-config-fields,"Add Midtrans config editing to payment edit dialog: server_key, client_key, is_production fields. openEdit loads config_data, handleSave bundles config_data for MIDTRANS_ methods.",COMPLETED,frontend change
PATCH-137,midtrans-config-status-badge,"Add config status badge on Midtrans payment cards: green 'Configured' if server_key set, yellow 'Belum Dikonfigurasi' otherwise.",COMPLETED,frontend change
PATCH-138,backend-system-settings-crud,"Create settings module (service+routes) for SystemSetting CRUD. GET/PUT/DELETE at /api/admin/settings. Bulk upsert support. Registered in index.ts.",COMPLETED,tsc 0 errors
PATCH-139,midtrans-config-from-system-settings,"Update getMidtransConfig() in payments.service to read from SystemSetting table (key prefix midtrans.) instead of per-method config_data. Falls back to env vars.",COMPLETED,tsc 0 errors
PATCH-140,admin-settings-page-midtrans,"Build Admin Settings page with Midtrans Payment Gateway config section (server_key, client_key, is_production, merchant_id). Added settings API calls to api.ts. Replaces Coming Soon placeholder.",COMPLETED,frontend change
PATCH-141,remove-midtrans-from-payment-page,"Remove Midtrans config fields from Payment page edit dialog. Add link to Settings page on Midtrans cards. Clean up unused Badge import and config_data from interface.",COMPLETED,frontend change